dosya,hikaye,yer,konusan,metin,okunus
"tr/b3af806f.ogg","Sully'nin Senedi (Çiftçi Çocuğu)","açılış","Baba / Father","Son kez soruyorum, {ad}. Doğuda akrabaların yanında hepimize iş var.","Son kez soruyorum. Doğuda akrabaların yanında hepimize iş var."
"tr/9b1aceb2.m.ogg","Sully'nin Senedi (Çiftçi Çocuğu)","açılış","Oyuncu / Player (erkek oyuncu / male player)","Ben bu ovadan başka yer bilmem, baba.","Ben bu ovadan başka yer bilmem, baba."
"tr/9b1aceb2.f.ogg","Sully'nin Senedi (Çiftçi Çocuğu)","açılış","Oyuncu / Player (kadın oyuncu / female player)","Ben bu ovadan başka yer bilmem, baba.","Ben bu ovadan başka yer bilmem, baba."
"tr/3a164be0.ogg","Sully'nin Senedi (Çiftçi Çocuğu)","açılış","Baba / Father","Bilirim. Ben de bilmezdim.","Bilirim. Ben de bilmezdim."
"tr/854cd03e.ogg","Sully'nin Senedi (Çiftçi Çocuğu)","açılış","Baba / Father","Kasabada Sully'ye uğra. Seni sorar.","Kasabada Sully'ye uğra. Seni sorar."
"tr/4b42c34f.ogg","Sully'nin Senedi (Çiftçi Çocuğu)","sinematik 1","Dunham Sully","Otuz bir yıl oldu bu yolu ilk sürdüğüm.","Otuz bir yıl oldu bu yolu ilk sürdüğüm."
"tr/614a02ae.ogg","Sully'nin Senedi (Çiftçi Çocuğu)","sinematik 1","Dunham Sully","Martha arabanın üstündeydi, ben yanında yürüyordum. At alacak paramız yoktu.","Martha arabanın üstündeydi, ben yanında yürüyordum. At alacak paramız yoktu."
"tr/4abf7370.m.ogg","Sully'nin Senedi (Çiftçi Çocuğu)","sinematik 1","Oyuncu / Player (erkek oyuncu / male player)","Ya şimdi?","Ya şimdi?"
"tr/4abf7370.f.ogg","Sully'nin Senedi (Çiftçi Çocuğu)","sinematik 1","Oyuncu / Player (kadın oyuncu / female player)","Ya şimdi?","Ya şimdi?"
"tr/07e0d136.ogg","Sully'nin Senedi (Çiftçi Çocuğu)","sinematik 1","Dunham Sully","Şimdi at var.","Şimdi at var."
"tr/d396c91f.ogg","Sully'nin Senedi (Çiftçi Çocuğu)","sinematik 1","Dunham Sully","...Martha yok.","...Martha yok."
"tr/254038d9.ogg","Sully'nin Senedi (Çiftçi Çocuğu)","sinematik 1","Dunham Sully","Neyse. Tavuklar beni bekler, ben de onları.","Neyse. Tavuklar beni bekler, ben de onları."
"tr/736d0a96.ogg","Sully'nin Senedi (Çiftçi Çocuğu)","sinematik 2","Dunham Sully","Şşt. Duydun mu?","Şşt. Duydun mu?"
"tr/99f296df.m.ogg","Sully'nin Senedi (Çiftçi Çocuğu)","sinematik 2","Oyuncu / Player (erkek oyuncu / male player)","Rüzgâr mı?","Rüzgâr mı?"
"tr/99f296df.f.ogg","Sully'nin Senedi (Çiftçi Çocuğu)","sinematik 2","Oyuncu / Player (kadın oyuncu / female player)","Rüzgâr mı?","Rüzgâr mı?"
"tr/3d4657b7.ogg","Sully'nin Senedi (Çiftçi Çocuğu)","sinematik 2","Dunham Sully","Rüzgâr tavuk kaçırmaz.","Rüzgâr tavuk kaçırmaz."
"tr/dbb5b6b8.ogg","Sully'nin Senedi (Çiftçi Çocuğu)","sinematik 2","Dunham Sully","Çakallar. Üç gecedir geliyorlar. Kümesin oraya, çabuk!","Çakallar. Üç gecedir geliyorlar. Kümesin oraya, çabuk!"
"tr/da6bbd9b.ogg","Sully'nin Senedi (Çiftçi Çocuğu)","sinematik 3","Dunham Sully","Sana bir şey söylemem lazım. Bunu duymayı hak ediyorsun.","Sana bir şey söylemem lazım. Bunu duymayı hak ediyorsun."
"tr/e7b4f85f.ogg","Sully'nin Senedi (Çiftçi Çocuğu)","sinematik 3","Dunham Sully","Geçen ay bankaya gidiyordum. Tapu yanımdaydı; kredi için göstermem gerekiyordu.","Geçen ay bankaya gidiyordum. Tapu yanımdaydı; kredi için göstermem gerekiyordu."
"tr/53bf8619.ogg","Sully'nin Senedi (Çiftçi Çocuğu)","sinematik 3","Dunham Sully","Yolda üç atlı çıktı önüme. Önde giden kızıl sakallıydı. Gülüyordu.","Yolda üç atlı çıktı önüme. Önde giden kızıl sakallıydı. Gülüyordu."
"tr/5ba55452.m.ogg","Sully'nin Senedi (Çiftçi Çocuğu)","sinematik 3","Oyuncu / Player (erkek oyuncu / male player)","Ne aldılar?","Ne aldılar?"
"tr/5ba55452.f.ogg","Sully'nin Senedi (Çiftçi Çocuğu)","sinematik 3","Oyuncu / Player (kadın oyuncu / female player)","Ne aldılar?","Ne aldılar?"
"tr/f5c08dd6.ogg","Sully'nin Senedi (Çiftçi Çocuğu)","sinematik 3","Dunham Sully","Cüzdanımı. Saatimi. Bir de tapuyu.","Cüzdanımı. Saatimi. Bir de tapuyu."
"tr/b63b9d2b.ogg","Sully'nin Senedi (Çiftçi Çocuğu)","sinematik 3","Dunham Sully","Tapu kimdeyse toprak onundur, öyle diyorlar. Şu ev, şu tavuklar, Martha'nın mezarı... hepsi bir kâğıt parçasına bağlı.","Tapu kimdeyse toprak onundur, öyle diyorlar. Şu ev, şu tavuklar, Martha'nın mezarı... hepsi bir kâğıt parçasına bağlı."
"tr/094846c2.m.ogg","Sully'nin Senedi (Çiftçi Çocuğu)","sinematik 3","Oyuncu / Player (erkek oyuncu / male player)","Şerife gitmedin mi?","Şerife gitmedin mi?"
"tr/094846c2.f.ogg","Sully'nin Senedi (Çiftçi Çocuğu)","sinematik 3","Oyuncu / Player (kadın oyuncu / female player)","Şerife gitmedin mi?","Şerife gitmedin mi?"
"tr/51e75e80.ogg","Sully'nin Senedi (Çiftçi Çocuğu)","sinematik 3","Dunham Sully","Gittim. ""Adamım yok, Sully"" dedi. Otuz yıl vergi ödedim, adamı yokmuş.","Gittim. ""Adamım yok, Sully"" dedi. Otuz yıl vergi ödedim, adamı yokmuş."
"tr/4a022de1.ogg","Sully'nin Senedi (Çiftçi Çocuğu)","sinematik 3","Dunham Sully","Neyse. Yarın erken kalk. Banka faiz bekler, ben de ahırın çatısını.","Neyse. Yarın erken kalk. Banka faiz bekler, ben de ahırın çatısını."
"tr/348998e5.ogg","Sully'nin Senedi (Çiftçi Çocuğu)","sinematik 4","Dunham Sully","Konuşmayı bana bırak. Şerif beni sever.","Konuşmayı bana bırak. Şerif beni sever."
"tr/f42eeedd.ogg","Sully'nin Senedi (Çiftçi Çocuğu)","sinematik 4","Dunham Sully","Yani... eskiden severdi.","Yani... eskiden severdi."
"tr/7a5a0e67.ogg","Sully'nin Senedi (Çiftçi Çocuğu)","sinematik 5","Dunham Sully","Barmene bir içki ısmarla. Sonra sus.","Barmene bir içki ısmarla. Sonra sus."
"tr/44767e06.m.ogg","Sully'nin Senedi (Çiftçi Çocuğu)","sinematik 5","Oyuncu / Player (erkek oyuncu / male player)","Susmak mı?","Susmak mı?"
"tr/44767e06.f.ogg","Sully'nin Senedi (Çiftçi Çocuğu)","sinematik 5","Oyuncu / Player (kadın oyuncu / female player)","Susmak mı?","Susmak mı?"
"tr/80cbeda6.ogg","Sully'nin Senedi (Çiftçi Çocuğu)","sinematik 5","Dunham Sully","İnsanlar sessizliğe dayanamaz. Doldurmak için ağızlarından ne çıktığını bilmezler.","İnsanlar sessizliğe dayanamaz. Doldurmak için ağızlarından ne çıktığını bilmezler."
"tr/f20d2caa.ogg","Sully'nin Senedi (Çiftçi Çocuğu)","sinematik 6","Dunham Sully","Senin yaşındayken ben de böyle toprakta uyurdum. Sırtım daha az ağrırdı.","Senin yaşındayken ben de böyle toprakta uyurdum. Sırtım daha az ağrırdı."
"tr/3b471b00.m.ogg","Sully'nin Senedi (Çiftçi Çocuğu)","sinematik 6","Oyuncu / Player (erkek oyuncu / male player)","Neden yardım ediyorsun bana, Sully? İlk günden beri.","Neden yardım ediyorsun bana, Sully? İlk günden beri."
"tr/3b471b00.f.ogg","Sully'nin Senedi (Çiftçi Çocuğu)","sinematik 6","Oyuncu / Player (kadın oyuncu / female player)","Neden yardım ediyorsun bana, Sully? İlk günden beri.","Neden yardım ediyorsun bana, Sully? İlk günden beri."
"tr/73ead3e5.ogg","Sully'nin Senedi (Çiftçi Çocuğu)","sinematik 6","Dunham Sully","Bilmem.","Bilmem."
"tr/1cb699a9.ogg","Sully'nin Senedi (Çiftçi Çocuğu)","sinematik 6","Dunham Sully","Belki bana edilmeyen yardımı ödüyorumdur. Belki de konuşacak birini arıyordum.","Belki bana edilmeyen yardımı ödüyorumdur. Belki de konuşacak birini arıyordum."
"tr/20432c28.ogg","Sully'nin Senedi (Çiftçi Çocuğu)","sinematik 6","Dunham Sully","Ye bir şeyler, sonra uyu. Nöbeti ben tutarım; zaten uyuyamam.","Ye bir şeyler, sonra uyu. Nöbeti ben tutarım; zaten uyuyamam."
"tr/71826252.ogg","Sully'nin Senedi (Çiftçi Çocuğu)","sinematik 7","Dunham Sully","Dört kişi. Biri nöbette, o da uyukluyor.","Dört kişi. Biri nöbette, o da uyukluyor."
"tr/aef3d4a4.ogg","Sully'nin Senedi (Çiftçi Çocuğu)","sinematik 7","Dunham Sully","Kızıl olanı görüyor musun? Ateşin başında, ayakta.","Kızıl olanı görüyor musun? Ateşin başında, ayakta."
"tr/88a3a553.ogg","Sully'nin Senedi (Çiftçi Çocuğu)","sinematik 7","Dunham Sully","Onu canlı istiyorum, {ad}. Ölüsü bana tapuyu geri verir ama hesap vermez.","Onu canlı istiyorum. Ölüsü bana tapuyu geri verir ama hesap vermez."
"tr/84df38cb.m.ogg","Sully'nin Senedi (Çiftçi Çocuğu)","sinematik 7","Oyuncu / Player (erkek oyuncu / male player)","Ya diğerleri?","Ya diğerleri?"
"tr/84df38cb.f.ogg","Sully'nin Senedi (Çiftçi Çocuğu)","sinematik 7","Oyuncu / Player (kadın oyuncu / female player)","Ya diğerleri?","Ya diğerleri?"
"tr/05f4f005.ogg","Sully'nin Senedi (Çiftçi Çocuğu)","sinematik 7","Dunham Sully","Diğerleri senin bileceğin iş. Ben atların yanındayım; silah sesi duyarsam gelirim.","Diğerleri senin bileceğin iş. Ben atların yanındayım; silah sesi duyarsam gelirim."
"tr/3376823e.ogg","Sully'nin Senedi (Çiftçi Çocuğu)","sinematik 8","Dunham Sully","Otuz bir yıl... ve bir kâğıt parçası.","Otuz bir yıl... ve bir kâğıt parçası."
"tr/82aa3132.ogg","Sully'nin Senedi (Çiftçi Çocuğu)","sinematik 8","Dunham Sully","Martha görse gülerdi. ""Dunham, kâğıda bu kadar bağlanma"" derdi.","Martha görse gülerdi. ""Dunham, kâğıda bu kadar bağlanma"" derdi."
"tr/e691868c.m.ogg","Sully'nin Senedi (Çiftçi Çocuğu)","sinematik 8","Oyuncu / Player (erkek oyuncu / male player)","Ama bağlandın.","Ama bağlandın."
"tr/e691868c.f.ogg","Sully'nin Senedi (Çiftçi Çocuğu)","sinematik 8","Oyuncu / Player (kadın oyuncu / female player)","Ama bağlandın.","Ama bağlandın."
"tr/aa1d1a62.ogg","Sully'nin Senedi (Çiftçi Çocuğu)","sinematik 8","Dunham Sully","Bağlandım. Ama kâğıda değil.","Bağlandım. Ama kâğıda değil."
"tr/303f36ba.ogg","Sully'nin Senedi (Çiftçi Çocuğu)","sinematik 8","Dunham Sully","Bu çiftliğin kapısı sana hep açık, {ad}. Ne zaman istersen gel. Bu sefer kahve de alırım.","Bu çiftliğin kapısı sana hep açık. Ne zaman istersen gel. Bu sefer kahve de alırım."
"tr/cede324f.m.ogg","Sully'nin Senedi (Çiftçi Çocuğu)","sinematik 8","Oyuncu / Player (erkek oyuncu / male player)","Belki bir gün yine kendi toprağım olur.","Belki bir gün yine kendi toprağım olur."
"tr/cede324f.f.ogg","Sully'nin Senedi (Çiftçi Çocuğu)","sinematik 8","Oyuncu / Player (kadın oyuncu / female player)","Belki bir gün yine kendi toprağım olur.","Belki bir gün yine kendi toprağım olur."
"tr/823167ae.ogg","Sully'nin Senedi (Çiftçi Çocuğu)","sinematik 8","Dunham Sully","Olur. Yalnız tapunu benim gibi cebinde gezdirme.","Olur. Yalnız tapunu benim gibi cebinde gezdirme."
"tr/4741e1f9.ogg","Kanun Kaçağı","açılış","Hollis Crane","Otuz yıl. Her sabah aynı ateş, aynı kahve.","Otuz yıl. Her sabah aynı ateş, aynı kahve."
"tr/cfce834b.ogg","Kanun Kaçağı","açılış","Hollis Crane","Bir sabah da başka bir yerde uyanmak isterdim.","Bir sabah da başka bir yerde uyanmak isterdim."
"tr/6a55f512.ogg","Kanun Kaçağı","sinematik 1","Hollis Crane","Bu tepeye ilk çıktığımda senin yaşındaydım. Elimde ödünç bir tabanca, cebimde hiç.","Bu tepeye ilk çıktığımda senin yaşındaydım. Elimde ödünç bir tabanca, cebimde hiç."
"tr/9fa9ffe2.m.ogg","Kanun Kaçağı","sinematik 1","Oyuncu / Player (erkek oyuncu / male player)","Pişman mısın?","Pişman mısın?"
"tr/9fa9ffe2.f.ogg","Kanun Kaçağı","sinematik 1","Oyuncu / Player (kadın oyuncu / female player)","Pişman mısın?","Pişman mısın?"
"tr/6ba8e431.ogg","Kanun Kaçağı","sinematik 1","Hollis Crane","Pişmanlık lüks, evlat. Yorgunum, o kadar.","Pişmanlık lüks, evlat. Yorgunum, o kadar."
"tr/38c9a28f.ogg","Kanun Kaçağı","sinematik 1","Hollis Crane","Bu son kış. Bahar gelince bırakıyorum. Vance bilmiyor; bilmesin de.","Bu son kış. Bahar gelince bırakıyorum. Vance bilmiyor; bilmesin de."
"tr/db47fbdc.ogg","Kanun Kaçağı","sinematik 2","Silas Vance","Bak sen. Yaşlı kurt yavruyu kasabaya yollamış, yavru da tanınmadan dönmüş.","Bak sen. Yaşlı kurt yavruyu kasabaya yollamış, yavru da tanınmadan dönmüş."
"tr/0376d6f8.ogg","Kanun Kaçağı","sinematik 2","Silas Vance","Yarın sabah bir posta arabası geçecek. Maden şirketinin maaşları içinde.","Yarın sabah bir posta arabası geçecek. Maden şirketinin maaşları içinde."
"tr/3e276a93.m.ogg","Kanun Kaçağı","sinematik 2","Oyuncu / Player (erkek oyuncu / male player)","Muhafız var mı?","Muhafız var mı?"
"tr/3e276a93.f.ogg","Kanun Kaçağı","sinematik 2","Oyuncu / Player (kadın oyuncu / female player)","Muhafız var mı?","Muhafız var mı?"
"tr/4fe0783b.ogg","Kanun Kaçağı","sinematik 2","Silas Vance","Bir sürücü, bir de korkak. Kimse ölmeyecek, değil mi Hollis? Yaşlandıkça yumuşadı.","Bir sürücü, bir de korkak. Kimse ölmeyecek, değil mi Hollis? Yaşlandıkça yumuşadı."
"tr/5e97f0ac.ogg","Kanun Kaçağı","sinematik 2","Silas Vance","Önce paraya çevir şu eski işten kalanları. Kaçakçı sorgu sual etmez. Bir de kılık değiştir; eşkâlin kasabanın dilinde.","Önce paraya çevir şu eski işten kalanları. Kaçakçı sorgu sual etmez. Bir de kılık değiştir; eşkâlin kasabanın dilinde."
"tr/13d31d79.ogg","Kanun Kaçağı","sinematik 3","Silas Vance","Saydım. İki kere saydım. Yarısı benim, yarısı çetenin.","Saydım. İki kere saydım. Yarısı benim, yarısı çetenin."
"tr/c6f33714.ogg","Kanun Kaçağı","sinematik 3","Hollis Crane","Çete sensin, Silas.","Çete sensin, Silas."
"tr/9899fa58.ogg","Kanun Kaçağı","sinematik 3","Silas Vance","Aynen öyle, ihtiyar. Hesap kitap bilmeyenlerin işi değil bu.","Aynen öyle, ihtiyar. Hesap kitap bilmeyenlerin işi değil bu."
"tr/9a78217c.ogg","Kanun Kaçağı","sinematik 3","Silas Vance","Bir de şunu duydum: biri bahar gelince bırakacakmış. Kimmiş acaba?","Bir de şunu duydum: biri bahar gelince bırakacakmış. Kimmiş acaba?"
"tr/22fe8125.ogg","Kanun Kaçağı","sinematik 3","Hollis Crane","Yorgunum, Silas. Hepsi bu.","Yorgunum, Silas. Hepsi bu."
"tr/e1123b54.ogg","Kanun Kaçağı","sinematik 3","Silas Vance","Yorgun adamlar konuşur, Hollis. Konuşan adamlar asılır.","Yorgun adamlar konuşur, Hollis. Konuşan adamlar asılır."
"tr/819bda96.ogg","Kanun Kaçağı","sinematik 4","Hollis Crane","Otuz yıl bir ateşin başında oturdum, bir sonraki işi bekledim.","Otuz yıl bir ateşin başında oturdum, bir sonraki işi bekledim."
"tr/4875a8da.ogg","Kanun Kaçağı","sinematik 4","Hollis Crane","Şimdi bekleyecek bir şeyim yok. Garip. Hafif.","Şimdi bekleyecek bir şeyim yok. Garip. Hafif."
"tr/4d326ed4.m.ogg","Kanun Kaçağı","sinematik 4","Oyuncu / Player (erkek oyuncu / male player)","Nereye gideceksin?","Nereye gideceksin?"
"tr/4d326ed4.f.ogg","Kanun Kaçağı","sinematik 4","Oyuncu / Player (kadın oyuncu / female player)","Nereye gideceksin?","Nereye gideceksin?"
"tr/4cc3db31.ogg","Kanun Kaçağı","sinematik 4","Hollis Crane","Batıya. Okyanusu hiç görmedim. Belki balık tutarım; belki balıklar beni tutar.","Batıya. Okyanusu hiç görmedim. Belki balık tutarım; belki balıklar beni tutar."
"tr/eddf5f4b.ogg","Kanun Kaçağı","sinematik 4","Hollis Crane","Sen de bir yer bul, {ad}. Bir kapı, bir çit, bir kahve. Benim hiç bulamadığım şeyler.","Sen de bir yer bul. Bir kapı, bir çit, bir kahve. Benim hiç bulamadığım şeyler."
"tr/8e17e357.ogg","Kanun Kaçağı","sinematik 4","Hollis Crane","Şu tabancayı al. Bana bir daha lazım olmayacak; sana da olmasın.","Şu tabancayı al. Bana bir daha lazım olmayacak; sana da olmasın."
"tr/d684b1fb.ogg","Demiryolu İşçisi","açılış","Walt Boone","Kalkın! Raylar kendi kendine döşenmiyor!","Kalkın! Raylar kendi kendine döşenmiyor!"
"tr/8ef9d89a.ogg","Demiryolu İşçisi","açılış","Mick","Güneş daha doğmadı, Boone.","Güneş daha doğmadı, Boone."
"tr/f36fbc81.ogg","Demiryolu İşçisi","açılış","Walt Boone","Doğmadan kalkan, batmadan biter. Bugün ekibe yeni biri katılıyor; ona iyi örnek olun.","Doğmadan kalkan, batmadan biter. Bugün ekibe yeni biri katılıyor; ona iyi örnek olun."
"tr/2fd324f4.ogg","Demiryolu İşçisi","sinematik 1","Walt Boone","Gece yamaç kaymış. Ray kayaların altında kaldı.","Gece yamaç kaymış. Ray kayaların altında kaldı."
"tr/2f0a7c5c.ogg","Demiryolu İşçisi","sinematik 1","Walt Boone","Öğlen treni gelmeden yol açılmazsa şirket ekibin yarısını kapı dışarı eder.","Öğlen treni gelmeden yol açılmazsa şirket ekibin yarısını kapı dışarı eder."
"tr/68159063.m.ogg","Demiryolu İşçisi","sinematik 1","Oyuncu / Player (erkek oyuncu / male player)","Kazmam var.","Kazmam var."
"tr/68159063.f.ogg","Demiryolu İşçisi","sinematik 1","Oyuncu / Player (kadın oyuncu / female player)","Kazmam var.","Kazmam var."
"tr/b245360a.ogg","Demiryolu İşçisi","sinematik 1","Walt Boone","Küçükler için yeter. Büyüğü için başka bir şeye ihtiyacımız var.","Küçükler için yeter. Büyüğü için başka bir şeye ihtiyacımız var."
"tr/0911c0c1.ogg","Demiryolu İşçisi","sinematik 2","Walt Boone","Sandık geldi. Saydım. İki kere saydım.","Sandık geldi. Saydım. İki kere saydım."
"tr/211e1fdf.ogg","Demiryolu İşçisi","sinematik 2","Sven","Ne kadar eksik bu sefer?","Ne kadar eksik bu sefer?"
"tr/ecdf3da0.ogg","Demiryolu İşçisi","sinematik 2","Walt Boone","Üçte biri. ""Kayıp"" yazmışlar. Yol masrafı, nem, fare...","Üçte biri. ""Kayıp"" yazmışlar. Yol masrafı, nem, fare..."
"tr/b3aad046.m.ogg","Demiryolu İşçisi","sinematik 2","Oyuncu / Player (erkek oyuncu / male player)","Fare para mı yer?","Fare para mı yer?"
"tr/b3aad046.f.ogg","Demiryolu İşçisi","sinematik 2","Oyuncu / Player (kadın oyuncu / female player)","Fare para mı yer?","Fare para mı yer?"
"tr/bf07856d.ogg","Demiryolu İşçisi","sinematik 2","Walt Boone","Şirketinkiler yer. Al, payın bu. Kampta tutma; çadırda para, çantada su gibidir: bir sabah bakarsın, yok.","Şirketinkiler yer. Al, payın bu. Kampta tutma; çadırda para, çantada su gibidir: bir sabah bakarsın, yok."
"tr/c12fd8dd.ogg","Demiryolu İşçisi","sinematik 3","Walt Boone","Haber aldım, geldim. Ekibin parasını bir adam çalarsa ustabaşı kenarda durmaz.","Haber aldım, geldim. Ekibin parasını bir adam çalarsa ustabaşı kenarda durmaz."
"tr/6683a9ca.ogg","Demiryolu İşçisi","sinematik 3","Walt Boone","Kayaların arkasından ilerle. Ateş ederken siper al; açıkta duran adam uzun yaşamaz.","Kayaların arkasından ilerle. Ateş ederken siper al; açıkta duran adam uzun yaşamaz."
"tr/150de5f0.ogg","Demiryolu İşçisi","sinematik 3","Walt Boone","Hale'i canlı istiyorum. Mahkemede şirketin önünde konuşsun.","Hale'i canlı istiyorum. Mahkemede şirketin önünde konuşsun."
"tr/61499c64.ogg","Demiryolu İşçisi","sinematik 4","Walt Boone","Yirmi yıl ray döşedim. Bir gün o raylardan geçen trenin içinde olmak istedim; olmadı.","Yirmi yıl ray döşedim. Bir gün o raylardan geçen trenin içinde olmak istedim; olmadı."
"tr/1266dcee.ogg","Demiryolu İşçisi","sinematik 4","Walt Boone","Şimdi biletimi aldım. Kızım batıda, kıyıda bir kasabada. Torunum varmış; adını bile bilmiyorum.","Şimdi biletimi aldım. Kızım batıda, kıyıda bir kasabada. Torunum varmış; adını bile bilmiyorum."
"tr/322a9c2b.ogg","Demiryolu İşçisi","sinematik 4","Walt Boone","Ekip senin. Maaşı tam ver, kahveyi Mick'e yaptırma, dinamiti hep son çare say.","Ekip senin. Maaşı tam ver, kahveyi Mick'e yaptırma, dinamiti hep son çare say."
"tr/13f54255.m.ogg","Demiryolu İşçisi","sinematik 4","Oyuncu / Player (erkek oyuncu / male player)","Araba?","Araba?"
"tr/13f54255.f.ogg","Demiryolu İşçisi","sinematik 4","Oyuncu / Player (kadın oyuncu / female player)","Araba?","Araba?"
"tr/8b35b1eb.ogg","Demiryolu İşçisi","sinematik 4","Walt Boone","Şirkete ""kayboldu"" yazdım. Senin artık; kendi yükünü taşı, kendi ekibini kur.","Şirkete ""kayboldu"" yazdım. Senin artık; kendi yükünü taşı, kendi ekibini kur."
"tr/5d11406e.ogg","Demiryolu İşçisi","sinematik 4","Walt Boone","Raylar batıya uzanıyor, {ad}. Bir gün o raylardan sen de geçersin. Pencereden bu kampa el salla.","Raylar batıya uzanıyor. Bir gün o raylardan sen de geçersin. Pencereden bu kampa el salla."
"tr/1898b056.m.ogg","Göçmen","açılış","Oyuncu / Player (erkek oyuncu / male player)","Dört ay oldu, Anton. Bu senin son mektubun.","Dört ay oldu, Anton. Bu senin son mektubun."
"tr/1898b056.f.ogg","Göçmen","açılış","Oyuncu / Player (kadın oyuncu / female player)","Dört ay oldu, Anton. Bu senin son mektubun.","Dört ay oldu, Anton. Bu senin son mektubun."
"tr/c0f524c8.m.ogg","Göçmen","açılış","Oyuncu / Player (erkek oyuncu / male player)","""Saint Clement'a varınca Greta Halvorsen'i bul. O sana yardım eder.""","""Saint Clement'a varınca Greta Halvorsen'i bul. O sana yardım eder."""
"tr/c0f524c8.f.ogg","Göçmen","açılış","Oyuncu / Player (kadın oyuncu / female player)","""Saint Clement'a varınca Greta Halvorsen'i bul. O sana yardım eder.""","""Saint Clement'a varınca Greta Halvorsen'i bul. O sana yardım eder."""
"tr/4096c9f2.ogg","Göçmen","sinematik 1","Anton","""Sevgili {ad}. Silver Ridge'de madendeyim. İş ağır ama para iyi, diye yazmıştım. Yalan söyledim.""","""Sevgili kardeşim. Silver Ridge'de madendeyim. İş ağır ama para iyi, diye yazmıştım. Yalan söyledim."""
"tr/d9f2ee03.ogg","Göçmen","sinematik 1","Anton","""Şirket dükkânı her şeyi veresiye verir. Kazma, fener, ekmek. Sonra maaşından keser. Kesmeye doymaz.""","""Şirket dükkânı her şeyi veresiye verir. Kazma, fener, ekmek. Sonra maaşından keser. Kesmeye doymaz."""
"tr/a2b711e9.ogg","Göçmen","sinematik 1","Anton","""Pike adında biri defter tutuyor. Ne ödersem ödeyeyim borcum büyüyor. Gemi parasını biriktiremedim, affet.""","""Pike adında biri defter tutuyor. Ne ödersem ödeyeyim borcum büyüyor. Gemi parasını biriktiremedim, affet."""
"tr/e3c930d7.ogg","Göçmen","sinematik 1","Anton","""Gelme. Ya da gel, ama Pike'a adımı söyleme.""","""Gelme. Ya da gel, ama Pike'a adımı söyleme."""
"tr/358bbce0.ogg","Göçmen","sinematik 1","Greta Halvorsen","...O aptal. Bana neden yazmadı?","...O aptal. Bana neden yazmadı?"
"tr/8141a7ae.m.ogg","Göçmen","sinematik 1","Oyuncu / Player (erkek oyuncu / male player)","Gururundan.","Gururundan."
"tr/8141a7ae.f.ogg","Göçmen","sinematik 1","Oyuncu / Player (kadın oyuncu / female player)","Gururundan.","Gururundan."
"tr/4b5c7ef8.ogg","Göçmen","sinematik 1","Greta Halvorsen","Gurur kimseyi borçtan kurtarmadı. Silver Ridge uzak; yürüyerek gidilmez. Sana bir at lazım.","Gurur kimseyi borçtan kurtarmadı. Silver Ridge uzak; yürüyerek gidilmez. Sana bir at lazım."
"tr/e0a54042.ogg","Göçmen","sinematik 2","Greta Halvorsen","Şuna bak. Toz, taş ve bir sürü yorgun yüz.","Şuna bak. Toz, taş ve bir sürü yorgun yüz."
"tr/e21cbf46.m.ogg","Göçmen","sinematik 2","Oyuncu / Player (erkek oyuncu / male player)","Anton burada iki yıl yaşadı.","Anton burada iki yıl yaşadı."
"tr/e21cbf46.f.ogg","Göçmen","sinematik 2","Oyuncu / Player (kadın oyuncu / female player)","Anton burada iki yıl yaşadı.","Anton burada iki yıl yaşadı."
"tr/0f40bdc4.ogg","Göçmen","sinematik 2","Greta Halvorsen","Yaşamak mı? Burada insanlar yaşamaz, {ad}. Borç öder.","Yaşamak mı? Burada insanlar yaşamaz. Borç öder."
"tr/91f81837.ogg","Göçmen","sinematik 3","Anton","İlk yıl iyiydi. Para biriktiriyordum, sana gemi bileti alacaktım.","İlk yıl iyiydi. Para biriktiriyordum, sana gemi bileti alacaktım."
"tr/7e7aa97e.ogg","Göçmen","sinematik 3","Anton","Sonra bir göçük oldu. Ayağım kırıldı; iki ay çalışamadım. Pike ""veresiye"" dedi. Gülümseyerek.","Sonra bir göçük oldu. Ayağım kırıldı; iki ay çalışamadım. Pike ""veresiye"" dedi. Gülümseyerek."
"tr/d4e61c67.ogg","Göçmen","sinematik 3","Greta Halvorsen","Ve o gülümseme hiç bitmedi.","Ve o gülümseme hiç bitmedi."
"tr/2bec90ec.ogg","Göçmen","sinematik 3","Şerif / Sheriff","Pike kaçtı. Şirketin maaş sandığını alıp eski galeriye kapanmış; adamlarını bekliyor.","Pike kaçtı. Şirketin maaş sandığını alıp eski galeriye kapanmış; adamlarını bekliyor."
"tr/34d87949.ogg","Göçmen","sinematik 3","Anton","Senetler onda. Kasabadaki herkesin senedi. O kâğıtlar varken kimse özgür değil.","Senetler onda. Kasabadaki herkesin senedi. O kâğıtlar varken kimse özgür değil."
"tr/bb5bb0cd.m.ogg","Göçmen","sinematik 3","Oyuncu / Player (erkek oyuncu / male player)","O zaman kâğıtları alırız.","O zaman kâğıtları alırız."
"tr/bb5bb0cd.f.ogg","Göçmen","sinematik 3","Oyuncu / Player (kadın oyuncu / female player)","O zaman kâğıtları alırız.","O zaman kâğıtları alırız."
"tr/fe3b77ea.ogg","Göçmen","sinematik 4","Anton","Gemiden inince seni iskelede karşılayacaktım. Elimde çiçek, cebimde bilet parası. Öyle hayal etmiştim.","Gemiden inince seni iskelede karşılayacaktım. Elimde çiçek, cebimde bilet parası. Öyle hayal etmiştim."
"tr/0d87ee87.m.ogg","Göçmen","sinematik 4","Oyuncu / Player (erkek oyuncu / male player)","Ben de seni kendi dükkânının önünde bulacağımı hayal etmiştim.","Ben de seni kendi dükkânının önünde bulacağımı hayal etmiştim."
"tr/0d87ee87.f.ogg","Göçmen","sinematik 4","Oyuncu / Player (kadın oyuncu / female player)","Ben de seni kendi dükkânının önünde bulacağımı hayal etmiştim.","Ben de seni kendi dükkânının önünde bulacağımı hayal etmiştim."
"tr/b54aae56.ogg","Göçmen","sinematik 4","Anton","Eh. Biri tuttu.","Eh. Biri tuttu."
"tr/d1b5dc10.ogg","Göçmen","sinematik 4","Greta Halvorsen","İkiniz de aynı kafadasınız. Ben Saint Clement'a dönüyorum; kiracısız pansiyon, kahvesiz sabah gibidir.","İkiniz de aynı kafadasınız. Ben Saint Clement'a dönüyorum; kiracısız pansiyon, kahvesiz sabah gibidir."
"tr/6a9c8624.ogg","Göçmen","sinematik 4","Greta Halvorsen","Kira borcunu da unutmadım, Anton. Ama acele etme. Yeni başlangıçlar ucuz değildir.","Kira borcunu da unutmadım, Anton. Ama acele etme. Yeni başlangıçlar ucuz değildir."
"tr/5fede0e5.ogg","Göçmen","sinematik 4","Anton","Annem hep derdi: insan gittiği yere kökünü de götürür. Galiba kökümüz geldi, {ad}.","Annem hep derdi: insan gittiği yere kökünü de götürür. Galiba kökümüz geldi."
"tr/fa4c0f40.m.ogg","Tuzakçı","açılış","Oyuncu / Player (erkek oyuncu / male player)","Altı hafta oldu, baba. Kulübe sensiz çok sessiz.","Altı hafta oldu, baba. Kulübe sensiz çok sessiz."
"tr/fa4c0f40.f.ogg","Tuzakçı","açılış","Oyuncu / Player (kadın oyuncu / female player)","Altı hafta oldu, baba. Kulübe sensiz çok sessiz.","Altı hafta oldu, baba. Kulübe sensiz çok sessiz."
"tr/827c1963.m.ogg","Tuzakçı","açılış","Oyuncu / Player (erkek oyuncu / male player)","Elias Crowe kasabaya inmiş. Seni bulacaksa o bulur.","Elias Crowe kasabaya inmiş. Seni bulacaksa o bulur."
"tr/827c1963.f.ogg","Tuzakçı","açılış","Oyuncu / Player (kadın oyuncu / female player)","Elias Crowe kasabaya inmiş. Seni bulacaksa o bulur.","Elias Crowe kasabaya inmiş. Seni bulacaksa o bulur."
"tr/43cb4c9d.ogg","Tuzakçı","sinematik 1","Elias Crowe","Gece kırağı düştü. Kış erken geliyor bu yıl.","Gece kırağı düştü. Kış erken geliyor bu yıl."
"tr/fa3724d9.ogg","Tuzakçı","sinematik 1","Elias Crowe","Baban kuzeyde, karın altında bir yerde. Ölü ya da diri, bulacağız.","Baban kuzeyde, karın altında bir yerde. Ölü ya da diri, bulacağız."
"tr/8ef595eb.m.ogg","Tuzakçı","sinematik 1","Oyuncu / Player (erkek oyuncu / male player)","Diri.","Diri."
"tr/8ef595eb.f.ogg","Tuzakçı","sinematik 1","Oyuncu / Player (kadın oyuncu / female player)","Diri.","Diri."
"tr/8d6fb978.ogg","Tuzakçı","sinematik 1","Elias Crowe","...Diri. Öyle de.","...Diri. Öyle de."
"tr/74bd457f.ogg","Tuzakçı","sinematik 2","Elias Crowe","Baban ve ben bu ormana aynı kış geldik. İkimiz de on yedi yaşındaydık, ikimiz de aptaldık.","Baban ve ben bu ormana aynı kış geldik. İkimiz de on yedi yaşındaydık, ikimiz de aptaldık."
"tr/da736ecc.ogg","Tuzakçı","sinematik 2","Elias Crowe","İlk kışımızda bir kurt sürüsü kampımızı sardı. Abel ateşten bir odun kaptı ve bağırdı. Kurtlar kaçtı.","İlk kışımızda bir kurt sürüsü kampımızı sardı. Abel ateşten bir odun kaptı ve bağırdı. Kurtlar kaçtı."
"tr/de010ece.m.ogg","Tuzakçı","sinematik 2","Oyuncu / Player (erkek oyuncu / male player)","Babam mı? Bağırmak mı?","Babam mı? Bağırmak mı?"
"tr/de010ece.f.ogg","Tuzakçı","sinematik 2","Oyuncu / Player (kadın oyuncu / female player)","Babam mı? Bağırmak mı?","Babam mı? Bağırmak mı?"
"tr/1b7291c2.ogg","Tuzakçı","sinematik 2","Elias Crowe","Bir kere. Sonra yirmi yıl sesini yükseltmedi.","Bir kere. Sonra yirmi yıl sesini yükseltmedi."
"tr/dacda2f2.ogg","Tuzakçı","sinematik 2","Elias Crowe","...Şşt. Duydun mu?","...Şşt. Duydun mu?"
"tr/44057c5e.ogg","Tuzakçı","sinematik 3","Elias Crowe","Yaşlı Kral. Ayakta durunca iki adam boyunda. Sol kulağı yırtık; bir tuzakçının hatırası.","Yaşlı Kral. Ayakta durunca iki adam boyunda. Sol kulağı yırtık; bir tuzakçının hatırası."
"tr/00145f0a.ogg","Tuzakçı","sinematik 3","Elias Crowe","Ona tek atışla yaklaşamazsın. Uzaktan vur, geri çekil, yeniden vur. Kaçarsan seni koşarak yakalar.","Ona tek atışla yaklaşamazsın. Uzaktan vur, geri çekil, yeniden vur. Kaçarsan seni koşarak yakalar."
"tr/7f290489.m.ogg","Tuzakçı","sinematik 3","Oyuncu / Player (erkek oyuncu / male player)","Ya babam?","Ya babam?"
"tr/7f290489.f.ogg","Tuzakçı","sinematik 3","Oyuncu / Player (kadın oyuncu / female player)","Ya babam?","Ya babam?"
"tr/fce92ecc.ogg","Tuzakçı","sinematik 3","Elias Crowe","Ayı bir yeri koruyorsa, orada ya yiyeceği vardır ya da düşmanı. Dua et ki ikincisidir.","Ayı bir yeri koruyorsa, orada ya yiyeceği vardır ya da düşmanı. Dua et ki ikincisidir."
"tr/c8bf3dd9.ogg","Tuzakçı","sinematik 4","Abel (baba / father)","Altı hafta. Seni beklerken her gece aynı şeyi düşündüm: ""Çocuk iz okumayı bilmiyor.""","Altı hafta. Seni beklerken her gece aynı şeyi düşündüm: ""Çocuk iz okumayı bilmiyor."""
"tr/d63f1058.m.ogg","Tuzakçı","sinematik 4","Oyuncu / Player (erkek oyuncu / male player)","Elias öğretti.","Elias öğretti."
"tr/d63f1058.f.ogg","Tuzakçı","sinematik 4","Oyuncu / Player (kadın oyuncu / female player)","Elias öğretti.","Elias öğretti."
"tr/4384cd1f.ogg","Tuzakçı","sinematik 4","Abel (baba / father)","Elias mı? Yirmi yıldır bana iki cümleden fazla kurmadı.","Elias mı? Yirmi yıldır bana iki cümleden fazla kurmadı."
"tr/c917b92a.ogg","Tuzakçı","sinematik 4","Elias Crowe","Sana kurmadım. Ona kurdum.","Sana kurmadım. Ona kurdum."
"tr/b3e61a54.ogg","Tuzakçı","sinematik 4","Abel (baba / father)","Tuzak hattı artık senin, {ad}. Ben kulübede oturup sana akıl veririm; dinlemezsin, ben de söylenirim.","Tuzak hattı artık senin. Ben kulübede oturup sana akıl veririm; dinlemezsin, ben de söylenirim."
"tr/442629ac.m.ogg","Tuzakçı","sinematik 4","Oyuncu / Player (erkek oyuncu / male player)","Anlaştık, baba.","Anlaştık, baba."
"tr/442629ac.f.ogg","Tuzakçı","sinematik 4","Oyuncu / Player (kadın oyuncu / female player)","Anlaştık, baba.","Anlaştık, baba."
