key,speaker,text
"5c58b66e","Dunham Sully","You here about the ad? You're gripping that paper like it's about to run off."
"e71e963f","Oyuncu / Player","{ad}. The ad said bed and board."
"861dc98b","Dunham Sully","It did. The bed creaks some, and I do the cooking. Decide accordingly."
"ccccf98e","Dunham Sully","Dunham Sully. Everybody calls me Sully."
"b42f07fe","Dunham Sully","Get to know the town before we head out. Folks around here won't give work or credit to a face they don't know."
"08e3c85a","Dunham Sully","Say hello to a few people. I'll be out front of the store."
"82b847f4","Dunham Sully","When did you last eat?"
"478eb182","Oyuncu / Player","Yesterday... I think."
"d48dd441","Dunham Sully","""I think."" Your face already told me."
"c21ea509","Dunham Sully","Here, take this. It's not a loan, not an advance. A hungry hand does no work, that's all."
"7e643e0c","Dunham Sully","Buy something that keeps. Beans, hardtack... Don't waste it on sweets."
"53e4fbd2","Dunham Sully","No canteen either? Take mine. I'll get another, I lose one every year anyway."
"336d9b01","Dunham Sully","Hah. Now you look a little more human."
"6cc32645","Dunham Sully","Fill it wherever you find water. Nobody buys you a drink in the desert."
"0a0f34d6","Dunham Sully","Right then. The ranch is out of town. Too far to walk, we'll ride."
"44432d61","Dunham Sully","No horse, huh? Take Coal. She's old but she knows the way. Complains less than I do."
"ead25302","Dunham Sully","Where's your horse? Whistle, it'll come. A good horse doesn't keep its rider waiting."
"dc93a889","Dunham Sully","Follow me. When the road forks, go right... or left. Trust your horse, it knows."
"296e0551","Dunham Sully","Thirty-one years since I first rode this road."
"4007a09d","Dunham Sully","Martha sat up on the wagon and I walked alongside. We couldn't afford a horse."
"3451a687","Oyuncu / Player","And now?"
"a8cc3c6d","Dunham Sully","Now there's a horse."
"113c36d1","Dunham Sully","...No Martha."
"c456223f","Dunham Sully","Anyway. The chickens are waiting on me, and me on them."
"f180508b","Dunham Sully","Shh. You hear that?"
"c24ee03f","Oyuncu / Player","The wind?"
"cb519241","Dunham Sully","Wind doesn't carry off chickens."
"fe34d940","Dunham Sully","Coyotes. Third night running. To the coop, quick!"
"26bd8de5","Dunham Sully","No gun? Here, my father's pistol. I want it back, mind."
"933174dc","Dunham Sully","Here we are. A house, a barn, a well, a bunch of chickens and me. We're all a little tired."
"982eeb08","Dunham Sully","Tie up your horse and come in. Sun's about to set."
"8a7b40b7","Dunham Sully","That's one! Keep at it!"
"dd9a5d7f","Dunham Sully","Not bad. At your age I hit a chicken every other shot."
"7d4b4417","Dunham Sully","The larder's empty too, I might as well say it. There's game past the hill. Easier to sneak up on at dusk."
"20ba2433","Dunham Sully","This meat'll last us a week. Take the pelt to the butcher in town, he pays well."
"5b69be89","Oyuncu / Player","You're not coming?"
"57a12e63","Dunham Sully","There are folks in town... I can't look in the eye right now. I'll explain later. Go on."
"62c55fd1","Dunham Sully","Back already? The butcher didn't swindle you, did he?"
"6f4ed87d","Dunham Sully","Come, sit down. It's a long night."
"7e3d4310","Dunham Sully","There's something I need to tell you. You deserve to hear it."
"85e6642a","Dunham Sully","Last month I was riding to the bank. Had the deed on me; needed to show it for a loan."
"1db82b09","Dunham Sully","Three riders came out on the road. The one in front had a red beard. He was laughing."
"978bd18c","Oyuncu / Player","What did they take?"
"d2c5394d","Dunham Sully","My wallet. My watch. And the deed."
"0b92827a","Dunham Sully","Whoever holds the deed holds the land, so they say. This house, those chickens, Martha's grave... all of it hangs on a scrap of paper."
"9f42e7e8","Oyuncu / Player","Didn't you go to the sheriff?"
"874bd58e","Dunham Sully","I did. ""I don't have the men, Sully,"" he says. Thirty years I paid my taxes, and he doesn't have the men."
"5b824610","Dunham Sully","Anyway. Get up early tomorrow. The bank wants its interest, and the barn wants a roof."
"2c2a80f8","Dunham Sully","Morning. No coffee, it's gone. And the roof leaks."
"0a2f65e8","Dunham Sully","Give me four hours. I'll pay what I can find; little money, but honest."
"b2c69706","Dunham Sully","Good work. That roof'll hold another ten years... or one winter."
"2450cd35","Dunham Sully","Let's ride into town. I'll talk to the sheriff once more; this time I'll have someone with me."
"bb1e86e6","Dunham Sully","Let me do the talking. The sheriff likes me."
"ce6731a4","Dunham Sully","Well... he used to."
"8d8cb962","Dunham Sully","Stop by the bank first. Don't carry cash around; pockets around here empty themselves."
"34c5e1fa","Şerif / Sheriff","Sully. The deed again?"
"931b8026","Dunham Sully","The deed again. This time I've got a witness."
"380d2ef5","Şerif / Sheriff","What good's a witness? Nobody knows where Jack's camp is. Those who do won't say."
"aa8b48ff","Oyuncu / Player","Is there a bounty on him?"
"2a88b0d1","Şerif / Sheriff","There is. Check the board. Full reward to whoever brings him in alive... but nobody does."
"4733a53a","Dunham Sully","Twenty-five dollars. So my deed isn't even worth twenty-five dollars."
"812a3977","Dunham Sully","Let's go to the saloon tonight. What the sheriff doesn't know, the bartender does."
"9b320a65","Dunham Sully","Buy a drink at the bar. Then keep quiet."
"0d83dbfd","Oyuncu / Player","Keep quiet?"
"53dc12fb","Dunham Sully","People can't stand silence. They'll say anything to fill it."
"4db9accd","Dunham Sully","{kamp}... I knew it. The old hunters' campsite."
"52c4aaa6","Dunham Sully","You don't go at men like that at night. We'll camp halfway and move in at dawn."
"61860879","Dunham Sully","Take these. My father's binoculars, my old bedroll and some supper. The bedroll's older than you, treat it kindly."
"e0100396","Dunham Sully","At your age I slept on the ground like this too. My back hurt less."
"c0bc0ce2","Oyuncu / Player","Why are you helping me, Sully? From the very first day."
"eaca3d66","Dunham Sully","Couldn't say."
"b7ce57c1","Dunham Sully","Maybe I'm paying back the help nobody gave me. Maybe I was just looking for someone to talk to."
"4f687798","Dunham Sully","Eat something, then sleep. I'll keep watch; I can't sleep anyway."
"0080a495","Dunham Sully","Four of them. One on watch, and he's dozing."
"73416ba7","Dunham Sully","See the red one? By the fire, standing."
"32795038","Dunham Sully","I want him alive, {ad}. His corpse would give me back the deed, but it can't answer for anything."
"4e4911e1","Oyuncu / Player","And the others?"
"edc9bdaa","Dunham Sully","The others are your call. I'll be with the horses; if I hear shots, I'll come."
"56e770fc","Dunham Sully","Take this lasso too. You know how to tie a man, don't you? If not, you'll learn."
"0b4708fe","Oyuncu / Player","Four men... Jack's by the fire."
"070fb0e9","Şerif / Sheriff","Red Jack. And alive! Ten years I've waited at this desk for this."
"426e0ff4","Şerif / Sheriff","Tell Sully... Never mind, I'll tell him myself. I owe him that much."
"ca1fc2eb","Şerif / Sheriff","Red Jack... Wish he was still breathing. Still, it's something."
"4a170ca1","Oyuncu / Player","I think you lost this."
"fab8331c","Dunham Sully","That's mine... Martha's handwriting, right there in the corner."
"808a326c","Dunham Sully","Thirty-one years... and a scrap of paper."
"23d6de07","Dunham Sully","Martha would've laughed. ""Dunham, don't get so attached to paper,"" she'd say."
"452d9fc0","Oyuncu / Player","But you did."
"3a24fff9","Dunham Sully","I did. But not to the paper."
"2ed27cae","Dunham Sully","This ranch's door is always open to you, {ad}. Come whenever you like. I'll even buy coffee this time."
"f47fe259","Oyuncu / Player","Maybe someday I'll have land of my own."
"80b7f3f2","Dunham Sully","You will. But first learn to mend a fence."
"db9ed7a4","Hollis Crane","So you're up. Figured you'd sleep till noon like Vance's boys."
"86302b14","Oyuncu / Player","Where's Vance?"
"c68151e3","Hollis Crane","In town. Smelled a ""big job"". Every year he smells a big job."
"0ed1d714","Hollis Crane","I've sat by this fire thirty years, {ad}. Only thing I ever smell is my own coffee."
"6af22ff1","Hollis Crane","Anyway. There's meat in your satchel and the fire's lit. Eat first; a hungry man shoots at the wrong things."
"adff48cb","Hollis Crane","You should know how many rounds your gun holds in your sleep. The day you have to count, you're already too late."
"2eb557a2","Hollis Crane","Go on, see to your horse. Only soul in this world that won't turn its back on you."
"7027b60e","Hollis Crane","Take this brush. A horse won't trust a man who doesn't groom it, and neither will I."
"9fb94728","Hollis Crane","First time I rode up this ridge I was your age. A borrowed gun in my hand, nothing in my pocket."
"22e0440c","Oyuncu / Player","Any regrets?"
"09f7f341","Hollis Crane","Regret's a luxury, kid. I'm tired, that's all."
"b2087f70","Hollis Crane","This is my last winter. Come spring, I'm done. Vance doesn't know, and he'd better not."
"51c30819","Hollis Crane","We're out of supplies. Dutch can't hunt and Pete can barely hold a gun. It's on us again."
"a4aaf105","Dutch","Meat! God bless you, {ad}. We've been eating beans for three days."
"258719a3","Hollis Crane","Keep the hide, it'll come in handy. There's another job tonight: we're nearly out of cartridges."
"c8e8690a","Hollis Crane","Someone has to go into town. My face is on every wall, and Vance says ""the boss doesn't go to town""."
"3b837510","Hollis Crane","There's twenty dollars on your head. If the sheriff's men look at you for two seconds, they'll know you."
"6911e1af","Hollis Crane","Wear the bandana on the road. But take it off before you walk into a shop: nobody sells to a masked man, they run for the sheriff."
"2e82bc9e","Hollis Crane","Don't linger near a lawman. Buy, leave, come back. If they know you, don't look back, ride."
"8754d5b1","Silas Vance","Well, well. The old wolf sent the pup to town, and the pup came back unrecognized."
"99229e9a","Silas Vance","Tomorrow morning a mail coach comes through. The mining company's payroll is aboard."
"af6c8eae","Oyuncu / Player","Any guards?"
"4c77be63","Silas Vance","A driver and a coward. Nobody dies, right, Hollis? He's gone soft with age."
"68c9ff21","Silas Vance","First turn what's left from the old job into cash. The fence doesn't ask questions. And change your look; your description is on everyone's lips in town."
"9b3c6cea","Hollis Crane","Don't trust Vance, {ad}. I did, for thirty years."
"a107f1b3","Hollis Crane","Nobody dies tomorrow. Promise me."
"92a89581","Oyuncu / Player","I promise."
"5741aea8","Hollis Crane","The ambush is where the road bends. The coach slows down, and we'll be there."
"343a7ee2","Hollis Crane","Cover your face. Don't let the driver remember you."
"12c145af","Hollis Crane","You promised."
"51bc8ff4","Hollis Crane","...Never mind. Ride now. We'll talk later."
"caab25cd","Hollis Crane","Nobody died. First clean job in thirty years."
"ca88d64c","Hollis Crane","Now scatter. That driver's running for town."
"d86be4b0","Silas Vance","I counted it. Twice. Half's mine, half's the gang's."
"0c707566","Hollis Crane","You are the gang, Silas."
"c4c92801","Silas Vance","Exactly, old man. Arithmetic isn't for everyone."
"e5599e6e","Silas Vance","And I heard something: somebody's quitting come spring. Wonder who that could be?"
"0d08b78a","Hollis Crane","I'm tired, Silas. That's all."
"504e0692","Silas Vance","Tired men talk, Hollis. Men who talk hang."
"f1fb75db","Hollis Crane","The price on your head has grown. Money like that draws hunters; outside town, watch your back."
"c7d4b3d4","Hollis Crane","I'm going for supplies with Dutch. You scout around."
"173f0945","Oyuncu / Player","Hunters... Someone told them where I'd be."
"30964595","Dutch","{ad}! They're gone. Vance, Pete, all of them."
"fa2b8af4","Dutch","They tied up Hollis. Vance called him a ""rat"", and he's the one who told the hunters where you were."
"0603ada2","Dutch","They rode toward {kamp}. I... I can't come. My leg."
"039df70b","Oyuncu / Player","Hollis is by the fire, tied up. Vance's men are around him."
"6ad7f8ed","Hollis Crane","You came. I thought you wouldn't. So did Vance."
"71ec0a77","Hollis Crane","He's the one who sent the hunters. Sell you, shut me up."
"5042255c","Hollis Crane","There are two roads, {ad}. Both get you out of this life."
"519eb1e6","Hollis Crane","You take Vance alive to the sheriff; for him, the sheriff forgives you."
"199288ca","Hollis Crane","Or you leave Vance be; you go to the sheriff and answer for yourself. Clean, but costly."
"6c9a7391","Hollis Crane","If I were you... No. This time the choice is yours."
"ab5ec7d9","Şerif / Sheriff","Silas Vance. Alive. Nobody's going to believe who brought him in."
"ca50c9ef","Şerif / Sheriff","I'm striking the bounty on your head, kid. Don't come to this desk from that side again."
"6ed12266","Şerif / Sheriff","Vance... That's one way for it to end. I'm striking your bounty; don't let me see you at this desk again."
"579434b0","Şerif / Sheriff","An outlaw walking in on his own two feet... Now I've seen everything."
"26416f47","Şerif / Sheriff","Your debt is paid. Go, live straight."
"8f4dcf71","Oyuncu / Player","It's over, Hollis."
"50c1ac1b","Hollis Crane","Over? It's just starting, kid."
"d5fa27bd","Hollis Crane","Thirty years I sat by a fire waiting for the next job."
"74d1e4f7","Hollis Crane","Now there's nothing to wait for. Strange. Light."
"7f3a77a4","Oyuncu / Player","Where will you go?"
"d40e79d3","Hollis Crane","West. I've never seen the ocean. Maybe I'll catch fish; maybe the fish will catch me."
"153cf1a9","Hollis Crane","Find yourself a place, {ad}. A door, a fence, a pot of coffee. The things I never found."
"09fce139","Hollis Crane","Take this revolver. I won't need it again; I hope you won't either."
